,Job Title,Company Name,Address
0,Senior Python Developer,"Payne, Roberts and Davis","<p class=""location"">
        Stewartbury, AA
      </p>"
1,Energy engineer,Vasquez-Davidson,"<p class=""location"">
        Christopherville, AA
      </p>"
2,Legal executive,"Jackson, Chambers and Levy","<p class=""location"">
        Port Ericaburgh, AA
      </p>"
3,Fitness centre manager,Savage-Bradley,"<p class=""location"">
        East Seanview, AP
      </p>"
4,Product manager,Ramirez Inc,"<p class=""location"">
        North Jamieview, AP
      </p>"
5,Medical technical officer,Rogers-Yates,"<p class=""location"">
        Davidville, AP
      </p>"
6,Physiological scientist,Kramer-Klein,"<p class=""location"">
        South Christopher, AE
      </p>"
7,Textile designer,Meyers-Johnson,"<p class=""location"">
        Port Jonathan, AE
      </p>"
8,Television floor manager,Hughes-Williams,"<p class=""location"">
        Osbornetown, AE
      </p>"
9,Waste management officer,"Jones, Williams and Villa","<p class=""location"">
        Scotttown, AP
      </p>"
10,Software Engineer (Python),Garcia PLC,"<p class=""location"">
        Ericberg, AE
      </p>"
11,Interpreter,Gregory and Sons,"<p class=""location"">
        Ramireztown, AE
      </p>"
12,Architect,"Clark, Garcia and Sosa","<p class=""location"">
        Figueroaview, AA
      </p>"
13,Meteorologist,Bush PLC,"<p class=""location"">
        Kelseystad, AA
      </p>"
14,Audiological scientist,Salazar-Meyers,"<p class=""location"">
        Williamsburgh, AE
      </p>"
15,English as a second language teacher,"Parker, Murphy and Brooks","<p class=""location"">
        Mitchellburgh, AE
      </p>"
16,Surgeon,Cruz-Brown,"<p class=""location"">
        West Jessicabury, AA
      </p>"
17,Equities trader,Macdonald-Ferguson,"<p class=""location"">
        Maloneshire, AE
      </p>"
18,Newspaper journalist,"Williams, Peterson and Rojas","<p class=""location"">
        Johnsonton, AA
      </p>"
19,Materials engineer,Smith and Sons,"<p class=""location"">
        South Davidtown, AP
      </p>"
20,Python Programmer (Entry-Level),"Moss, Duncan and Allen","<p class=""location"">
        Port Sara, AE
      </p>"
21,Product/process development scientist,Gomez-Carroll,"<p class=""location"">
        Marktown, AA
      </p>"
22,"Scientist, research (maths)","Manning, Welch and Herring","<p class=""location"">
        Laurenland, AE
      </p>"
23,Ecologist,"Lee, Gutierrez and Brown","<p class=""location"">
        Lauraton, AP
      </p>"
24,Materials engineer,"Davis, Serrano and Cook","<p class=""location"">
        South Tammyberg, AP
      </p>"
25,Historic buildings inspector/conservation officer,Smith LLC,"<p class=""location"">
        North Brandonville, AP
      </p>"
26,Data scientist,Thomas Group,"<p class=""location"">
        Port Robertfurt, AA
      </p>"
27,Psychiatrist,Silva-King,"<p class=""location"">
        Burnettbury, AE
      </p>"
28,Structural engineer,Pierce-Long,"<p class=""location"">
        Herbertside, AA
      </p>"
29,Immigration officer,Walker-Simpson,"<p class=""location"">
        Christopherport, AP
      </p>"
30,Python Programmer (Entry-Level),Cooper and Sons,"<p class=""location"">
        West Victor, AE
      </p>"
31,Neurosurgeon,"Donovan, Gonzalez and Figueroa","<p class=""location"">
        Port Aaron, AP
      </p>"
32,Broadcast engineer,"Morgan, Butler and Bennett","<p class=""location"">
        Loribury, AA
      </p>"
33,Make,Snyder-Lee,"<p class=""location"">
        Angelastad, AP
      </p>"
34,"Nurse, adult",Harris PLC,"<p class=""location"">
        Larrytown, AE
      </p>"
35,Air broker,Washington PLC,"<p class=""location"">
        West Colin, AP
      </p>"
36,"Editor, film/video","Brown, Price and Campbell","<p class=""location"">
        West Stephanie, AP
      </p>"
37,"Production assistant, radio",Mcgee PLC,"<p class=""location"">
        Laurentown, AP
      </p>"
38,"Engineer, communications",Dixon Inc,"<p class=""location"">
        Wrightberg, AP
      </p>"
39,Sales executive,"Thompson, Sheppard and Ward","<p class=""location"">
        Alberttown, AE
      </p>"
40,Software Developer (Python),Adams-Brewer,"<p class=""location"">
        Brockburgh, AE
      </p>"
41,Futures trader,Schneider-Brady,"<p class=""location"">
        North Jason, AE
      </p>"
42,Tour manager,Gonzales-Frank,"<p class=""location"">
        Arnoldhaven, AE
      </p>"
43,Cytogeneticist,Smith-Wong,"<p class=""location"">
        Lake Destiny, AP
      </p>"
44,"Designer, multimedia",Pierce-Herrera,"<p class=""location"">
        South Timothyburgh, AP
      </p>"
45,Trade union research officer,"Aguilar, Rivera and Quinn","<p class=""location"">
        New Jimmyton, AE
      </p>"
46,"Chemist, analytical","Lowe, Barnes and Thomas","<p class=""location"">
        New Lucasbury, AP
      </p>"
47,"Programmer, multimedia","Lewis, Gonzalez and Vasquez","<p class=""location"">
        Port Cory, AE
      </p>"
48,"Engineer, broadcasting (operations)",Taylor PLC,"<p class=""location"">
        Gileston, AA
      </p>"
49,"Teacher, primary school","Oliver, Jones and Ramirez","<p class=""location"">
        Cindyshire, AA
      </p>"
50,Python Developer,Rivera and Sons,"<p class=""location"">
        East Michaelfort, AA
      </p>"
51,Manufacturing systems engineer,Garcia PLC,"<p class=""location"">
        Joybury, AE
      </p>"
52,"Producer, television/film/video","Johnson, Wells and Kramer","<p class=""location"">
        Emmatown, AE
      </p>"
53,"Scientist, forensic",Gonzalez LLC,"<p class=""location"">
        Colehaven, AP
      </p>"
54,Bonds trader,"Morgan, White and Macdonald","<p class=""location"">
        Port Coryton, AE
      </p>"
55,Editorial assistant,Robinson-Fitzpatrick,"<p class=""location"">
        Amyborough, AA
      </p>"
56,Photographer,"Waters, Wilson and Hoover","<p class=""location"">
        Reynoldsville, AA
      </p>"
57,Retail banker,Hill LLC,"<p class=""location"">
        Port Billy, AP
      </p>"
58,Jewellery designer,Li-Gregory,"<p class=""location"">
        Adamburgh, AA
      </p>"
59,Ophthalmologist,"Fisher, Ryan and Coleman","<p class=""location"">
        Wilsonmouth, AA
      </p>"
60,"Back-End Web Developer (Python, Django)",Stewart-Alexander,"<p class=""location"">
        South Kimberly, AA
      </p>"
61,Licensed conveyancer,Abbott and Sons,"<p class=""location"">
        Benjaminland, AP
      </p>"
62,Futures trader,"Bryant, Santana and Davenport","<p class=""location"">
        Zacharyport, AA
      </p>"
63,Counselling psychologist,Smith PLC,"<p class=""location"">
        Port Devonville, AE
      </p>"
64,Insurance underwriter,Patterson-Singh,"<p class=""location"">
        East Thomas, AE
      </p>"
65,"Engineer, automotive",Martinez-Berry,"<p class=""location"">
        New Jeffrey, AP
      </p>"
66,"Producer, radio","May, Taylor and Fisher","<p class=""location"">
        Davidside, AA
      </p>"
67,Dispensing optician,"Bailey, Owen and Thompson","<p class=""location"">
        Jamesville, AA
      </p>"
68,"Designer, fashion/clothing",Vasquez Ltd,"<p class=""location"">
        New Kelly, AP
      </p>"
69,Chartered loss adjuster,Leblanc LLC,"<p class=""location"">
        Lake Antonio, AA
      </p>"
70,"Back-End Web Developer (Python, Django)","Jackson, Ali and Mckee","<p class=""location"">
        New Elizabethside, AA
      </p>"
71,Forest/woodland manager,"Blankenship, Knight and Powell","<p class=""location"">
        Millsbury, AE
      </p>"
72,Clinical cytogeneticist,"Patton, Haynes and Jones","<p class=""location"">
        Lloydton, AP
      </p>"
73,Print production planner,Wood Inc,"<p class=""location"">
        Port Jeremy, AA
      </p>"
74,Systems developer,Collins Group,"<p class=""location"">
        New Elizabethtown, AA
      </p>"
75,Graphic designer,Flores-Nelson,"<p class=""location"">
        Charlesstad, AE
      </p>"
76,Writer,"Mitchell, Jones and Olson","<p class=""location"">
        Josephbury, AE
      </p>"
77,Field seismologist,Howard Group,"<p class=""location"">
        Seanfurt, AA
      </p>"
78,Chief Strategy Officer,Kramer-Edwards,"<p class=""location"">
        Williambury, AA
      </p>"
79,Air cabin crew,Berry-Houston,"<p class=""location"">
        South Jorgeside, AP
      </p>"
80,Python Programmer (Entry-Level),Mathews Inc,"<p class=""location"">
        Robertborough, AP
      </p>"
81,Warden/ranger,Riley-Johnson,"<p class=""location"">
        South Saratown, AP
      </p>"
82,Sports therapist,Spencer and Sons,"<p class=""location"">
        Hullview, AA
      </p>"
83,Arts development officer,Camacho-Sanchez,"<p class=""location"">
        Philipland, AP
      </p>"
84,Printmaker,Oliver and Sons,"<p class=""location"">
        North Patty, AE
      </p>"
85,Health and safety adviser,Eaton PLC,"<p class=""location"">
        North Stephen, AE
      </p>"
86,Manufacturing systems engineer,Stanley-Frederick,"<p class=""location"">
        Stevensland, AP
      </p>"
87,"Programmer, applications",Bradley LLC,"<p class=""location"">
        Reyesstad, AE
      </p>"
88,Medical physicist,"Parker, Goodwin and Zavala","<p class=""location"">
        Bellberg, AP
      </p>"
89,Media planner,Kim-Miles,"<p class=""location"">
        North Johnland, AE
      </p>"
90,Software Developer (Python),Moreno-Rodriguez,"<p class=""location"">
        Martinezburgh, AE
      </p>"
91,"Surveyor, land/geomatics",Brown-Ortiz,"<p class=""location"">
        Joshuatown, AE
      </p>"
92,Legal executive,Hartman PLC,"<p class=""location"">
        West Ericstad, AA
      </p>"
93,"Librarian, academic",Brooks Inc,"<p class=""location"">
        Tuckertown, AE
      </p>"
94,Barrister,Washington-Castillo,"<p class=""location"">
        Perezton, AE
      </p>"
95,Museum/gallery exhibitions officer,"Nguyen, Yoder and Petty","<p class=""location"">
        Lake Abigail, AE
      </p>"
96,"Radiographer, diagnostic",Holder LLC,"<p class=""location"">
        Jacobshire, AP
      </p>"
97,Database administrator,Yates-Ferguson,"<p class=""location"">
        Port Susan, AE
      </p>"
98,Furniture designer,Ortega-Lawrence,"<p class=""location"">
        North Tiffany, AA
      </p>"
99,Ship broker,"Fuentes, Walls and Castro","<p class=""location"">
        Michelleville, AP
      </p>"
